<?xml version="1.0" encoding="UTF-8" standalone="no"?>
<registration_data version="1.0">
   <environment>
      <hostname>hamsl231.ham.hamburgsud.com</hostname>
      <hostId>400ae78d</hostId>
      <osName>Linux</osName>
      <osVersion>2.6.16.46-0.12-smp</osVersion>
      <osArchitecture>amd64</osArchitecture>
      <systemModel>x86_64</systemModel>
      <systemManufacturer>hp</systemManufacturer>
      <cpuManufacturer>AuthenticAMD</cpuManufacturer>
      <serialNumber>gb874733hj</serialNumber>
   </environment>
   <registry urn="urn:st:47de55d7-5b19-4915-a53e-bc9503102bcc" version="1.0">
      <service_tag>
         <instance_urn>urn:st:2f84d33c-dbc3-454e-9368-95fe7e93666e</instance_urn>
         <product_name>Java SE 6 Runtime Environment</product_name>
         <product_version>1.6.0_20</product_version>
         <product_urn>urn:uuid:92d1de8c-1e59-42c6-a280-1c379526bcbc</product_urn>
         <product_parent_urn>urn:uuid:fdc90b21-018d-4cab-b866-612c7c119ed3</product_parent_urn>
         <product_parent>Java Platform Standard Edition 6 (Java SE 6)</product_parent>
         <product_defined_inst_id>id=1.6.0_20-b02 amd64,dir=/home/teadmin/jre1.6.0_20</product_defined_inst_id>
         <product_vendor>Sun Microsystems</product_vendor>
         <platform_arch>amd64</platform_arch>
         <timestamp>2010-06-16 08:15:17 GMT</timestamp>
         <container>global</container>
         <source>jre-6u20-fcs-bin-b02-linux-amd64-12_apr_2010.bin</source>
         <installer_uid>-1</installer_uid>
      </service_tag>
   </registry>
</registration_data>
