<?xml version="1.0" encoding="UTF-8" standalone="no"?>
<registration_data version="1.0">
   <environment>
      <hostname>shine</hostname>
      <hostId>10acb4b0</hostId>
      <osName>Linux</osName>
      <osVersion>2.6.32-22-generic</osVersion>
      <osArchitecture>i386</osArchitecture>
      <systemModel>unknown</systemModel>
      <systemManufacturer/>
      <cpuManufacturer>GenuineIntel</cpuManufacturer>
      <serialNumber/>
   </environment>
   <registry urn="urn:st:53644a84-8a9b-4a52-8699-189478ec3ae4" version="1.0">
      <service_tag>
         <instance_urn>urn:st:5b5d5478-2a9e-42b9-90c7-072734f7a5ea</instance_urn>
         <product_name>Java SE 6 Runtime Environment</product_name>
         <product_version>1.6.0_20</product_version>
         <product_urn>urn:uuid:92d1de8c-1e59-42c6-a280-1c379526bcbc</product_urn>
         <product_parent_urn>urn:uuid:fdc90b21-018d-4cab-b866-612c7c119ed3</product_parent_urn>
         <product_parent>Java Platform Standard Edition 6 (Java SE 6)</product_parent>
         <product_defined_inst_id>id=1.6.0_20-b02 i386,dir=/home/moonsorrow/tmp/jre1.6.0_20</product_defined_inst_id>
         <product_vendor>Sun Microsystems</product_vendor>
         <platform_arch>i386</platform_arch>
         <timestamp>2010-05-21 13:18:25 GMT</timestamp>
         <container>global</container>
         <source>jre-6u20-fcs-bin-b02-linux-i586-12_apr_2010.bin</source>
         <installer_uid>-1</installer_uid>
      </service_tag>
   </registry>
</registration_data>
